{"cameraMode":{"drawMode":0,"name":"Shaded","section":"Shading Mode"},"sceneLighting":false,"audioPlay":false,"sceneViewState":{"showFog":true,"showMaterialUpdate":false,"showSkybox":false,"showFlares":true,"showImageEffects":true,"showParticleSystems":true},"in2DMode":false,"pivot":{"x":643.8367919921875,"y":252.2814483642578,"z":-0.5281295776367188},"rotation":{"x":-0.012303989380598069,"y":-0.029396038502454759,"z":0.0003618469345383346,"w":-0.9994934797286987},"size":74.75507354736328,"orthographic":false}